{
"lengthUnit": "mil",
"components": {
	"fields": ["COMPONENT_NO", "COMPONENT_NAME", "LAYER", "X_COORDINATE", "Y_COORDINATE", "ANGLE"],
	"rows": [
		[1, "C1", "T", 825, -1428.16, 270],
		[2, "C2", "T", 1335, -1545, 270],
		[3, "C3", "T", 2315, -640, 0],
		[4, "C4", "T", 2230, -780, 0],
		[5, "C5", "T", 2280, -1310, 0],
		[6, "C6", "T", 1765, -1035, 90],
		[7, "C7", "T", 2210, -1895, 180],
		[8, "C8", "T", 2370, -2235, 0],
		[9, "C9", "T", 2285, -1985, 180],
		[10, "D1", "T", 580, -1575, 90],
		[11, "D2", "T", 2575, -765, 90],
		[12, "L1", "T", 1150, -1670, 0],
		[13, "L2", "T", 2855, -905, 270],
		[14, "R1", "T", 2068.22, -758.22, 270],
		[15, "R2", "T", 1865, -565, 0],
		[16, "R3", "T", 1865.63, -733.11, 0],
		[17, "R5", "T", 2185, -2100, 90],
		[18, "R6", "T", 2565, -2055, 0],
		[19, "R7", "T", 2565, -2275, 0],
		[20, "R9", "T", 1938.99, -864.84, 0],
		[21, "U1", "T", 2280, -1075, 90],
		[22, "U2", "T", 2365, -2125, 0],
		[23, "U3", "T", 180, -1575, 270],
		[24, "U4", "T", 3015, -440, 90],
		[25, "U5", "T", 3015, -2040, 90],
		[26, "U6", "T", 2035, -975, 0]
	]
},
"pins": {
	"fields": ["PIN_NO", "PIN_NAME", "PIN_X", "PIN_Y", "LAYER", "PIN_TYPE", "NET_NAME", "NET_TYPE", "PAD_SHAPE", "PAD_SIZEX", "PAD_SIZEY", "HOLE_SIZE", "PAD_ANGLE"],
	"rows": [
		[1, "C1_1", 825, -1326.58, "T", "SMD", "AGND", "", "R", 79.13, 212.6, 0, 270],
		[2, "C1_2", 825, -1529.74, "T", "SMD", "$1N4446", "", "R", 79.13, 212.6, 0, 270],
		[3, "C2_1", 1335, -1505.63, "T", "SMD", "AGND", "", "R", 55.51, 53.15, 0, 270],
		[4, "C2_2", 1335, -1584.37, "T", "SMD", "VIN", "", "R", 55.51, 53.15, 0, 270],
		[5, "C3_1", 2252.3, -640, "T", "SMD", "$1N1324", "", "R", 58.47, 68.03, 0, 0],
		[6, "C3_2", 2377.7, -640, "T", "SMD", "AGND", "", "R", 58.47, 68.03, 0, 0],
		[7, "C4_1", 2190.63, -780, "T", "SMD", "$1N1774", "", "R", 55.51, 53.15, 0, 0],
		[8, "C4_2", 2269.37, -780, "T", "SMD", "$1N1769", "", "R", 55.51, 53.15, 0, 0],
		[9, "C5_1", 2240.63, -1310, "T", "SMD", "$1N1858", "", "R", 55.51, 53.15, 0, 0],
		[10, "C5_2", 2319.37, -1310, "T", "SMD", "$1N1127", "", "R", 55.51, 53.15, 0, 0],
		[11, "C6_1", 1765, -1097.7, "T", "SMD", "VIN", "", "R", 58.47, 68.03, 0, 90],
		[12, "C6_2", 1765, -972.3, "T", "SMD", "AGND", "", "R", 58.47, 68.03, 0, 90],
		[13, "C7_1", 2237.56, -1895, "T", "SMD", "AGND", "", "R", 31.5, 35.43, 0, 180],
		[14, "C7_2", 2182.44, -1895, "T", "SMD", "VIN", "", "R", 31.5, 35.43, 0, 180],
		[15, "C8_1", 2342.44, -2235, "T", "SMD", "$1N3020", "", "R", 31.5, 35.43, 0, 0],
		[16, "C8_2", 2397.56, -2235, "T", "SMD", "$1N3009", "", "R", 31.5, 35.43, 0, 0],
		[17, "C9_1", 2312.56, -1985, "T", "SMD", "AGND", "", "R", 31.5, 35.43, 0, 180],
		[18, "C9_2", 2257.44, -1985, "T", "SMD", "$1N3287", "", "R", 31.5, 35.43, 0, 180],
		[19, "D1_1", 580.37, -1669.64, "T", "SMD", "$1N4446", "", "R", 80.57, 63.78, 0, 90],
		[20, "D1_2", 579.63, -1480.36, "T", "SMD", "AGND", "", "R", 80.57, 63.78, 0, 270],
		[21, "D2_1", 2575, -910.13, "T", "SMD", "$1N1127", "", "R", 106.3, 129.92, 0, 90],
		[22, "D2_2", 2575, -619.87, "T", "SMD", "AGND", "", "R", 106.3, 129.92, 0, 90],
		[23, "L1_1", 1111.96, -1670, "T", "SMD", "$1N4446", "", "R", 44.59, 54.21, 0, 0],
		[24, "L1_2", 1188.04, -1670, "T", "SMD", "VIN", "", "R", 44.59, 54.21, 0, 0],
		[25, "L2_1", 2855, -786.89, "T", "SMD", "$1N1324", "", "R", 92.52, 137.79, 0, 270],
		[26, "L2_2", 2855, -1023.11, "T", "SMD", "$1N1127", "", "R", 92.52, 137.79, 0, 270],
		[27, "R1_1", 2068.22, -700, "T", "SMD", "$1N1324", "", "R", 47.54, 66.97, 0, 270],
		[28, "R1_2", 2068.22, -816.44, "T", "SMD", "$1N1436", "", "R", 47.54, 66.97, 0, 270],
		[29, "R2_1", 1806.78, -565, "T", "SMD", "AGND", "", "R", 47.54, 66.97, 0, 0],
		[30, "R2_2", 1923.22, -565, "T", "SMD", "$1N1324", "", "R", 47.54, 66.97, 0, 0],
		[31, "R3_1", 1826.26, -733.11, "T", "SMD", "AGND", "", "R", 44.59, 54.21, 0, 0],
		[32, "R3_2", 1905, -733.11, "T", "SMD", "$1N1774", "", "R", 44.59, 54.21, 0, 0],
		[33, "R5_1", 2185, -2129.66, "T", "SMD", "VIN", "", "R", 31.75, 34.02, 0, 90],
		[34, "R5_2", 2185, -2070.34, "T", "SMD", "$1N3287", "", "R", 31.75, 34.02, 0, 90],
		[35, "R6_1", 2525.63, -2055, "T", "SMD", "$1N3416", "", "R", 44.59, 54.21, 0, 0],
		[36, "R6_2", 2604.37, -2055, "T", "SMD", "$1N3600", "", "R", 44.59, 54.21, 0, 0],
		[37, "R7_1", 2525.63, -2275, "T", "SMD", "AGND", "", "R", 44.59, 54.21, 0, 0],
		[38, "R7_2", 2604.37, -2275, "T", "SMD", "$1N3600", "", "R", 44.59, 54.21, 0, 0],
		[39, "R9_1", 1880.77, -864.84, "T", "SMD", "VIN", "", "R", 47.54, 66.97, 0, 0],
		[40, "R9_2", 1997.21, -864.84, "T", "SMD", "$1N4826", "", "R", 47.54, 66.97, 0, 0],
		[41, "U1_1", 2389.02, -1150, "T", "SMD", "$1N1127", "", "O", 22.6, 80.24, 0, 90],
		[42, "U1_2", 2389.02, -1100, "T", "SMD", "$1N4826", "", "O", 22.6, 80.24, 0, 90],
		[43, "U1_3", 2389.02, -1050, "T", "SMD", "$1N1769", "", "O", 22.6, 80.24, 0, 90],
		[44, "U1_4", 2389.02, -1000, "T", "SMD", "$1N1436", "", "O", 22.6, 80.24, 0, 90],
		[45, "U1_5", 2170.98, -1000, "T", "SMD", "GND", "GND", "O", 22.6, 80.24, 0, 90],
		[46, "U1_6", 2170.98, -1050, "T", "SMD", "$1N1958", "", "O", 22.6, 80.24, 0, 90],
		[47, "U1_7", 2170.98, -1100, "T", "SMD", "VIN", "", "O", 22.6, 80.24, 0, 90],
		[48, "U1_8", 2170.98, -1150, "T", "SMD", "$1N1858", "", "O", 22.6, 80.24, 0, 90],
		[49, "U1_9", 2280, -1075, "T", "SMD", "GND", "GND", "R", 78.74, 78.74, 0, 90],
		[50, "U2_1", 2418.15, -2162.4, "T", "SMD", "$1N3009", "", "R", 43.31, 23.62, 0, 0],
		[51, "U2_2", 2418.15, -2125, "T", "SMD", "GND", "GND", "R", 43.31, 23.62, 0, 0],
		[52, "U2_3", 2418.15, -2087.6, "T", "SMD", "$1N3416", "", "R", 43.31, 23.62, 0, 0],
		[53, "U2_4", 2311.85, -2087.6, "T", "SMD", "$1N3287", "", "R", 43.31, 23.62, 0, 0],
		[54, "U2_5", 2311.85, -2125, "T", "SMD", "VIN", "", "R", 43.31, 23.62, 0, 0],
		[55, "U2_6", 2311.85, -2162.4, "T", "SMD", "$1N3020", "", "R", 43.31, 23.62, 0, 0],
		[56, "U3_1", 180, -1476.58, "T", "DIP", "AGND", "", "C", 78.74, 78.74, 47.24, 270],
		[57, "U3_1", 180, -1476.58, "B", "DIP", "AGND", "", "C", 78.74, 78.74, 47.24, 270],
		[58, "U3_2", 180, -1673.42, "T", "DIP", "$1N4446", "", "C", 78.74, 78.74, 47.24, 270],
		[59, "U3_2", 180, -1673.42, "B", "DIP", "$1N4446", "", "C", 78.74, 78.74, 47.24, 270],
		[60, "U4_1", 3015, -538.42, "T", "DIP", "AGND", "", "C", 78.74, 78.74, 47.24, 90],
		[61, "U4_1", 3015, -538.42, "B", "DIP", "AGND", "", "C", 78.74, 78.74, 47.24, 90],
		[62, "U4_2", 3015, -341.57, "T", "DIP", "$1N1324", "", "C", 78.74, 78.74, 47.24, 90],
		[63, "U4_2", 3015, -341.57, "B", "DIP", "$1N1324", "", "C", 78.74, 78.74, 47.24, 90],
		[64, "U5_1", 3015, -2138.43, "T", "DIP", "AGND", "", "C", 78.74, 78.74, 47.24, 90],
		[65, "U5_1", 3015, -2138.43, "B", "DIP", "AGND", "", "C", 78.74, 78.74, 47.24, 90],
		[66, "U5_2", 3015, -1941.58, "T", "DIP", "$1N3600", "", "C", 78.74, 78.74, 47.24, 90],
		[67, "U5_2", 3015, -1941.58, "B", "DIP", "$1N3600", "", "C", 78.74, 78.74, 47.24, 90],
		[68, "U6_1", 1995.63, -975, "T", "SMD", "AGND", "", "R", 44.59, 54.21, 0, 0],
		[69, "U6_2", 2074.37, -975, "T", "SMD", "$1N1958", "", "R", 44.59, 54.21, 0, 0]
	]
}
}